{"cameraMode":{"drawMode":0,"name":"Shaded","section":"Shading Mode"},"sceneLighting":false,"audioPlay":false,"sceneViewState":{"m_AlwaysRefresh":false,"showFog":true,"showSkybox":false,"showFlares":true,"showImageEffects":true,"showParticleSystems":true,"showVisualEffectGraphs":true,"m_FxEnabled":true},"in2DMode":false,"pivot":{"x":-1.210719347000122e-8,"y":0.04322812706232071,"z":0.07738222926855087},"rotation":{"x":0.058645099401474,"y":0.7687156796455383,"z":-0.07123151421546936,"w":0.632895827293396},"size":0.13594023883342744,"orthographic":false}