{"cameraMode":{"drawMode":0,"name":"Shaded","section":"Shading Mode"},"sceneLighting":true,"audioPlay":false,"sceneViewState":{"m_AlwaysRefresh":false,"showFog":true,"showSkybox":true,"showFlares":true,"showImageEffects":true,"showParticleSystems":true,"showVisualEffectGraphs":true,"m_FxEnabled":true},"in2DMode":false,"pivot":{"x":10.288278579711914,"y":1.485926628112793,"z":0.05567040294408798},"rotation":{"x":-0.030418066307902337,"y":-0.5276947617530823,"z":0.018117595463991166,"w":-0.8490519523620606},"size":0.038090724498033527,"orthographic":false}