{"cameraMode":{"drawMode":0,"name":"Shaded","section":"Shading Mode"},"sceneLighting":true,"audioPlay":false,"sceneViewState":{"m_AlwaysRefresh":false,"showFog":true,"showSkybox":true,"showFlares":true,"showImageEffects":true,"showParticleSystems":true,"showVisualEffectGraphs":true,"m_FxEnabled":true},"in2DMode":false,"pivot":{"x":-17.00889015197754,"y":-1.3586533069610596,"z":-1.3835961818695069},"rotation":{"x":0.04019914194941521,"y":-0.707432746887207,"z":0.040367916226387027,"w":0.7044662833213806},"size":10.920249938964844,"orthographic":false}