{"cameraMode":{"drawMode":0,"name":"Shaded","section":"Shading Mode"},"sceneLighting":true,"audioPlay":false,"sceneViewState":{"m_AlwaysRefresh":false,"showFog":true,"showSkybox":true,"showFlares":true,"showImageEffects":true,"showParticleSystems":true,"showVisualEffectGraphs":true,"m_FxEnabled":true},"in2DMode":false,"pivot":{"x":15.65532398223877,"y":-1.5445899963378907,"z":12.809100151062012},"rotation":{"x":-0.06462666392326355,"y":-0.4376090466976166,"z":0.030255671590566636,"w":-0.8965648412704468},"size":11.203166961669922,"orthographic":false}